{"((1, 3, 5, 7), (0, 1))": 0.0, "((0, 3, 5, 7), (1, 1))": 0.0, "((0, 2, 5, 7), (2, 3))": 0.0, "((0, 2, 2, 7), (1, 1))": 0.0, "((0, 1, 2, 7), (1, 1))": 0.0, "((0, 0, 2, 7), (2, 1))": 0.0, "((0, 0, 1, 7), (2, 1))": 0.9997177049517632, "((0, 0, 0, 7), (3, 1))": 0.00024592920090071857, "((0, 0, 0, 1), (3, 1))": -1.0, "((0, 0, 0, 6), (3, 5))": 0.9999999999999929, "((0, 2, 5, 7), (1, 1))": 0.03125, "((0, 1, 5, 7), (1, 1))": 0.0, "((0, 0, 5, 7), (2, 1))": 0.0065806955099105835, "((0, 0, 4, 7), (2, 1))": 0.140625, "((0, 0, 3, 7), (2, 1))": 0.06939790783508215, "((0, 0, 0, 7), (3, 2))": 0.0, "((0, 0, 0, 5), (3, 1))": 0.341796875, "((0, 0, 0, 4), (3, 1))": 0.0, "((0, 0, 0, 3), (3, 2))": 0.999969482421875, "((0, 0, 1, 7), (3, 1))": 0.4375, "((0, 0, 1, 6), (2, 1))": 0.0, "((1, 3, 5, 7), (1, 3))": 0.3246910920073649, "((1, 0, 5, 7), (0, 1))": 0.14805863869892072, "((0, 0, 4, 7), (3, 3))": 0.1083984375, "((0, 0, 4, 4), (2, 1))": 0.40234375, "((0, 0, 3, 4), (2, 1))": 0.5453414916992188, "((0, 0, 2, 4), (3, 2))": 0.015625, "((0, 0, 2, 2), (2, 1))": 0.994140625, "((0, 0, 1, 2), (2, 1))": 0.00048828125, "((0, 0, 0, 2), (3, 1))": 0.99993896484375, "((0, 0, 2, 7), (3, 5))": 0.0, "((0, 0, 2, 7), (3, 3))": 0.9686807245016098, "((0, 0, 2, 4), (2, 1))": 0.021240234375, "((0, 0, 1, 4), (2, 1))": 0.277069091796875, "((1, 3, 5, 7), (2, 2))": 0.0, "((1, 3, 3, 7), (0, 1))": 0.0, "((0, 3, 3, 7), (3, 7))": 0.0, "((0, 3, 3, 0), (1, 1))": 0.0, "((0, 2, 3, 0), (1, 1))": 0.0, "((0, 1, 3, 0), (1, 1))": 0.0, "((0, 0, 3, 0), (2, 1))": 0.625, "((0, 0, 1, 0), (2, 1))": -0.96875, "((0, 0, 2, 0), (2, 1))": 0.9375, "((0, 0, 3, 7), (3, 2))": 0.0, "((0, 0, 3, 5), (2, 1))": 0.0, "((0, 0, 2, 5), (2, 1))": 0.341796875, "((0, 0, 1, 5), (2, 1))": 0.4921875, "((1, 0, 5, 7), (2, 1))": 0.4086904004216194, "((1, 0, 4, 7), (0, 1))": 0.7802082821726799, "((0, 0, 4, 7), (3, 1))": 0.0, "((0, 0, 4, 6), (2, 1))": 0.0, "((0, 0, 3, 6), (2, 1))": 0.0, "((0, 0, 2, 6), (2, 1))": 0.7499847412109304, "((0, 0, 2, 7), (3, 7))": 0.0, "((0, 0, 4, 7), (2, 4))": 0.24218690395355225, "((0, 0, 4, 7), (3, 7))": 0.0, "((0, 0, 4, 0), (2, 1))": 0.71875, "((0, 0, 2, 0), (2, 2))": -0.75, "((0, 0, 5, 7), (2, 5))": 0.24998450274865824, "((0, 0, 0, 6), (3, 3))": 0.0, "((0, 3, 3, 7), (1, 1))": 0.0, "((0, 2, 3, 7), (1, 1))": 0.061409950256347656, "((0, 1, 3, 7), (1, 1))": 0.1875, "((0, 0, 0, 6), (3, 1))": 0.0, "((0, 0, 0, 6), (3, 2))": 0.498046875, "((0, 0, 5, 7), (2, 4))": 0.00482177734375, "((0, 0, 0, 7), (3, 4))": 0.0, "((0, 0, 0, 7), (3, 3))": 0.0, "((0, 0, 0, 4), (3, 3))": 0.9921875, "((0, 0, 0, 7), (3, 7))": -0.5, "((0, 0, 5, 7), (3, 4))": 0.0, "((0, 0, 5, 3), (2, 1))": 0.0, "((0, 0, 4, 3), (2, 1))": 0.24993896484375, "((0, 0, 3, 3), (2, 1))": 0.0, "((0, 0, 2, 3), (3, 2))": 0.0, "((0, 0, 2, 1), (2, 1))": 0.0, "((0, 0, 1, 1), (2, 1))": 0.875, "((1, 3, 5, 7), (3, 5))": 0.0, "((1, 3, 5, 2), (0, 1))": 0.0, "((0, 3, 5, 2), (1, 1))": 0.0625, "((0, 2, 5, 2), (1, 1))": 0.234375, "((0, 1, 5, 2), (1, 1))": 0.1875, "((0, 0, 5, 2), (3, 2))": 0.6875, "((0, 0, 5, 0), (2, 1))": 0.25, "((0, 0, 5, 7), (2, 2))": 0.8984526842832565, "((0, 0, 0, 7), (3, 6))": 0.9375, "((1, 3, 5, 7), (2, 1))": 0.0, "((1, 3, 4, 7), (0, 1))": 0.0, "((0, 3, 4, 7), (1, 1))": 0.0, "((0, 2, 4, 7), (3, 3))": 0.0, "((0, 2, 4, 4), (1, 1))": 0.0, "((0, 1, 4, 4), (1, 1))": 0.0, "((0, 0, 2, 7), (3, 1))": 0.0, "((0, 0, 2, 6), (3, 3))": 0.0, "((0, 0, 2, 3), (2, 1))": 0.749908447265625, "((0, 0, 1, 3), (2, 1))": 0.0, "((0, 0, 1, 4), (3, 2))": 0.959228515625, "((1, 0, 5, 7), (3, 6))": 0.0, "((1, 0, 5, 1), (0, 1))": 0.0, "((0, 0, 5, 1), (2, 1))": 0.125, "((0, 0, 4, 1), (2, 1))": 0.0, "((0, 0, 3, 1), (2, 1))": 0.5, "((1, 0, 4, 7), (3, 2))": 0.0, "((1, 0, 4, 5), (0, 1))": 0.0, "((0, 0, 4, 5), (2, 1))": 0.0, "((0, 0, 0, 2), (3, 2))": -0.5, "((1, 0, 5, 7), (3, 3))": 0.0, "((1, 0, 5, 4), (0, 1))": 0.27734375, "((0, 0, 5, 4), (2, 1))": 0.12346649169921875, "((1, 0, 4, 7), (3, 4))": 0.0, "((1, 0, 4, 3), (0, 1))": 0.0, "((0, 0, 1, 4), (3, 4))": 0.5, "((0, 0, 4, 7), (2, 2))": 0.01513671875, "((1, 3, 5, 7), (3, 3))": 0.0, "((1, 3, 5, 4), (0, 1))": 0.0, "((0, 3, 5, 4), (3, 2))": 0.046875, "((0, 0, 5, 0), (2, 5))": -0.5, "((1, 0, 5, 7), (3, 1))": 0.0, "((1, 0, 5, 6), (0, 1))": 0.2499847412109375, "((0, 0, 5, 6), (2, 3))": 0.0}